{"MMM": 77251088035.5835, "AOS": 9051074711.072662, "ABT": 180823276978.83014, "ABBV": 362828275866.3764, "ACN": 119111316540.91008, "ADBE": 98056132995.60547, "AMD": 334837466865.91956, "AES": 10068456773.34589, "AFL": 55660896492.131256, "A": 32300285796.441925, "APD": 63735282290.0, "ABNB": 77936814540.0, "AKAM": 16589689053.0, "ALB": 20866028485.48706, "ARE": 8210971289.284756, "ALGN": 12867644019.883667, "ALLE": 12553981015.266785, "LNT": 17912431089.81784, "ALL": 53804374771.38757, "GOOGL": 3513452709533.6914, "GOOG": 3498452547668.457, "MO": 107972153712.3501, "AMZN": 2224705060067.4814, "AMCR": 18079848343.21804, "AEE": 29768156695.21454, "AEP": 70010977882.8241, "AXP": 207357429510.0, "AIG": 40112081952.71347, "AMT": 79753458980.01402, "AWK": 26075973961.717743, "AMP": 41637555090.89325, "AME": 49702615805.7469, "AMGN": 187827346052.00043, "APH": 157290341317.4201, "ADI": 157118737291.83426, "AON": 70290279777.60785, "APA": 14412659951.290512, "APO": 64572011357.5, "AAPL": 3698586089669.0977, "AMAT": 296802146409.23364, "APP": 147317965287.62817, "APTV": 15115982378.726578, "ACGL": 33941787337.07673, "ADM": 34377060910.16919, "ARES": 35090691782.325745, "ANET": 164714491129.83307, "AJG": 55605587686.15723, "AIZ": 10893643478.68959, "T": 204672412899.22278, "ATO": 30038750636.93103, "ADSK": 50750679870.60547, "ADP": 82867502911.30408, "AZO": 55269932411.865234, "AVB": 23159268858.509216, "AVY": 12762073642.68071, "AXON": 36709578895.708466, "BKR": 62743137678.62217, "BALL": 15734968504.677864, "BAC": 351542131368.0504, "BAX": 8602273199.127722, "BDX": 56489054447.01782, "BRK-B": 1033852957054.7089, "BBY": 12930411076.004883, "TECH": 8202846147.305756, "BIIB": 26994763998.617188, "BLK": 151817871248.41992, "BX": 131979853891.23233, "XYZ": 36393056479.11072, "BK": 82217462901.57031, "BA": 154355504539.8764, "BKNG": 138304015181.9165, "BSX": 101282839898.77335, "BMY": 116873224686.98509, "AVGO": 1509100077997.5242, "BR": 19220341520.512085, "BRO": 22704482601.5, "BF-B": 10458442391.236904, "BLDR": 9284189761.891907, "BG": 24012541028.548584, "BXP": 9366314565.067513, "CHRW": 20070644581.597946, "CDNS": 78436916503.93231, "CPT": 10417167149.931335, "CPB": 6234243018.586456, "COF": 114833448951.92308, "CAH": 48764536990.30151, "CCL": 35279504075.09013, "CARR": 48963736138.03586, "CVNA": 65955368152.558136, "CAT": 335368220883.1666, "CBOE": 29630377677.33545, "CBRE": 39556060616.33095, "CDW": 15870607474.559761, "COR": 63664054160.9621, "CNC": 16218607354.885101, "CNP": 27396357399.321728, "CF": 19503646479.943985, "CRL": 7836573602.185059, "SCHW": 170017310695.87805, "CHTR": 27555026052.897644, "CVX": 413446316900.2355, "CMG": 43317825060.60028, "CB": 127346464794.44812, "CHD": 22235465724.376877, "CIEN": 60741579428.01953, "CI": 71020739661.46472, "CINF": 24640455539.163208, "CTAS": 71257689109.7909, "CSCO": 319485508775.73676, "C": 198967540346.71143, "CFG": 25313915566.67047, "CLX": 12572517626.304543, "CME": 108817219073.89233, "CMS": 23085749559.193146, "KO": 321391087444.4507, "CTSH": 29074624403.86608, "COIN": 48818812809.15459, "CL": 67754853828.38782, "CMCSA": 106474594963.25621, "FIX": 51550662514.42529, "CAG": 7443429231.73182, "COP": 158109576771.7661, "ED": 39699938474.97253, "STZ": 26580650643.81842, "CEG": 106822586250.47119, "COO": 13753613498.210678, "CPRT": 31789700890.267776, "GLW": 121837206246.24028, "CPAY": 20555774948.931793, "CTVA": 54191985151.42822, "CSGP": 17571692526.838646, "COST": 432248913071.01666, "CTRA": 26589730826.867466, "CRH": 71246242003.46417, "CRWD": 99667798752.3999, "CCI": 34270773968.30237, "CSX": 72280970790.90906, "CMI": 76647290599.25, "CVS": 92616969268.88005, "DHR": 134427195891.63611, "DRI": 23323236253.70601, "DDOG": 43371557287.543144, "DVA": 10246614638.397217, "DECK": 14777068528.914413, "DE": 157477952827.17285, "DELL": 117236420624.30182, "DAL": 43531162684.79837, "DVN": 31180687700.604473, "DXCM": 25975083120.082397, "FANG": 55586484883.67059, "DLR": 61114336759.78058, "DG": 25960277996.730347, "DLTR": 21183829874.899292, "D": 52975203895.94812, "DPZ": 12109429397.577301, "DASH": 67218787588.89038, "DOV": 29567492065.47505, "DOW": 27568619167.87682, "DHI": 40267799624.55917, "DTE": 29814591252.083435, "DUK": 99059712775.14317, "DD": 18992152204.08673, "ETN": 145300442370.60547, "EBAY": 40273199310.302734, "ECL": 74912995095.99683, "EIX": 27436095717.424103, "EW": 47445553417.96875, "EA": 50456152393.11804, "ELV": 64077183006.54636, "EME": 34078910922.8833, "EMR": 73183614102.08038, "ETR": 46440516568.5832, "EOG": 77336557556.38837, "EPAM": 7349477660.868393, "EQT": 40783821563.079834, "EFX": 20745789441.0, "EQIX": 94769828582.40234, "EQR": 23006768773.182846, "ERIE": 12577282126.739594, "ESS": 16835579042.5, "EL": 25856250247.933662, "EG": 13077118745.530548, "EVRG": 18406407239.256363, "ES": 25334756802.539886, "EXC": 48385950990.13477, "EXE": 26369285726.309814, "EXPE": 29039540225.37416, "EXPD": 19026951879.63977, "EXR": 28760869371.937714, "XOM": 689099360202.6647, "FFIV": 16420678228.086334, "FDS": 7386695138.006836, "FICO": 23603523330.0, "FAST": 51548466247.6859, "FRT": 8951356587.217712, "FDX": 85888885850.88391, "FIS": 25447186226.888977, "FITB": 41646866792.978264, "FSLR": 20694925847.87433, "FE": 28411180243.45444, "FISV": 30302575395.649685, "F": 47235387272.745605, "FTNT": 59001037689.359314, "FTV": 17436879301.036896, "FOXA": 24996272829.266808, "FOX": 24519168512.26877, "BEN": 12341317269.688951, "FCX": 81173146048.98132, "GRMN": 46409053038.780975, "IT": 10911038562.039185, "GE": 306560572104.38855, "GEHC": 32378348129.533897, "GEV": 246741532242.16187, "GEN": 12192477717.70023, "GNRC": 12277294051.067032, "GD": 93617049229.16061, "GIS": 19639468415.233543, "GM": 71429189762.59332, "GPC": 14330968642.276886, "GILD": 171452589879.78296, "GPN": 19864597589.836426, "GL": 10897533757.968887, "GDDY": 10853221084.204468, "GS": 250656246425.9519, "HAL": 32074390620.788116, "HIG": 37765889696.49338, "HAS": 13027500976.13057, "HCA": 108617775256.97632, "DOC": 11610786752.438736, "HSIC": 8713989818.94564, "HSY": 43639357850.74892, "HPE": 31758521304.699806, "HLT": 69709631486.263, "HOLX": 16866153254.039383, "HD": 329590157861.5629, "HON": 140846669726.3979, "HRL": 12463937078.633234, "HST": 13216193247.251505, "HWM": 96402772789.00146, "HPQ": 17340727098.06671, "HUBB": 26879568943.661865, "HUM": 20770242881.16844, "HBAN": 31534611404.280624, "HII": 15778699464.09961, "IBM": 225771835195.92334, "IEX": 14436959774.035767, "IDXX": 45532029204.05585, "ITW": 76384530462.64648, "INCY": 18034693267.92961, "IR": 32853429947.140617, "PODD": 15874263724.0, "INTC": 220087572274.79376, "IBKR": 112416586842.8721, "ICE": 88845231290.81268, "IFF": 17346921825.02771, "IP": 19135024768.617508, "INTU": 120339627995.55035, "ISRG": 167608130652.39026, "IVZ": 10639296969.362263, "INVH": 15331645096.209278, "IQV": 28185472378.54004, "IRM": 29793563325.41478, "JBHT": 19533091440.323334, "JBL": 29630553166.396484, "JKHY": 11498554766.30603, "J": 15218040190.836914, "JNJ": 566976932968.9191, "JCI": 83504188001.67322, "JPM": 788612249988.6207, "KVUE": 33638646717.149467, "KDP": 35610636162.49407, "KEY": 21596811769.705994, "KEYS": 51211770776.285065, "KMB": 32833760331.551987, "KIM": 15277497474.019358, "KMI": 75487681729.16702, "KKR": 84193523318.33075, "KLAC": 205785358153.4502, "KHC": 25237437730.06977, "KR": 44134318313.59863, "LHX": 65734114004.43594, "LH": 22061347595.214844, "LRCX": 299990200600.28076, "LW": 5781734670.588512, "LVS": 37119784422.89935, "LDOS": 20095173682.445755, "LEN": 22875245775.88806, "LII": 16728664873.353455, "LLY": 808219855426.9751, "LIN": 222355050118.03992, "LYV": 35854252772.8414, "LMT": 141191989230.76782, "L": 22141505882.24501, "LOW": 131503845955.97882, "LULU": 18881224084.09488, "LYB": 24488140716.009323, "MTB": 30363271170.674927, "MPC": 71890074724.52072, "MAR": 85931843280.93231, "MRSH": 84803369117.4714, "MLM": 34750594222.54138, "MAS": 12291759503.97417,