{"MMM": 77193150714.11133, "AOS": 8998524922.057266, "ABT": 182196048050.45633, "ABBV": 362350862678.70337, "ACN": 124040183827.35919, "ADBE": 101656219749.45068, "AMD": 330451657717.75433, "AES": 10032828694.436073, "AFL": 55070802843.717255, "A": 31683695299.286118, "APD": 62045324004.670654, "ABNB": 79489553495.73431, "AKAM": 16579546929.236343, "ALB": 19746479895.48706, "ARE": 8344412646.585365, "ALGN": 12976704320.352722, "ALLE": 12373076287.552246, "LNT": 17786430671.09108, "ALL": 53921165108.24704, "GOOGL": 3654019790466.3086, "GOOG": 3617244807098.3887, "MO": 108089660208.7002, "AMZN": 2255836265069.724, "AMCR": 18186118640.41031, "AEE": 29549781075.290337, "AEP": 69186998635.81306, "AXP": 207295636764.00558, "AIG": 40516763993.96347, "AMT": 82627878959.5, "AWK": 26495671402.1586, "AMP": 41148870127.97089, "AME": 48747413386.24823, "AMGN": 188549694762.37564, "APH": 160621512652.34024, "ADI": 152412456965.73468, "AON": 70062448920.39215, "APA": 13787404677.06482, "APO": 64107671526.990875, "AAPL": 3696381490478.119, "AMAT": 287120120563.2643, "APP": 155104451375.42725, "APTV": 15128771964.001274, "ACGL": 33963546774.71585, "ADM": 32716912345.60196, "ARES": 35448085322.977234, "ANET": 171111661596.3329, "AJG": 55723855412.29248, "AIZ": 10889135597.924988, "T": 203892569127.6062, "ATO": 29949412192.42816, "ADSK": 52457280517.578125, "ADP": 84816948819.65515, "AZO": 55392171398.68164, "AVB": 23118207275.10887, "AVY": 12679003108.36142, "AXON": 40784132475.85831, "BKR": 61794427763.956604, "BALL": 15612934579.572361, "BAC": 347014591926.33716, "BAX": 8545679961.469803, "BDX": 56601365049.70825, "BRK-B": 1035254975875.6927, "BBY": 13448582485.484726, "TECH": 8135571184.0, "BIIB": 26950735992.345703, "BLK": 151587672813.06055, "BX": 133654346850.8262, "XYZ": 37170866937.33215, "BK": 81143544610.62813, "BA": 155919338695.2472, "BKNG": 141725316712.9834, "BSX": 103189395968.77771, "BMY": 116079001185.0, "AVGO": 1529108259216.992, "BR": 19945350043.053436, "BRO": 22779595592.293427, "BF-B": 10518074352.955238, "BLDR": 9363825546.58786, "BG": 23379766986.545715, "BXP": 9391102434.340508, "CHRW": 19790699343.317535, "CDNS": 80699090331.10153, "CPT": 10442701801.84639, "CPB": 6261076248.0, "COF": 114435413112.0, "CAH": 48569224266.14502, "CCL": 35251803291.42763, "CARR": 48729697682.901726, "CVNA": 65655143771.54068, "CAT": 328381288927.54156, "CBOE": 29371848340.447266, "CBRE": 40398249342.75, "CDW": 15644070782.543427, "COR": 62368479106.44946, "CNC": 16135007185.344696, "CNP": 27317856013.208714, "CF": 18745032763.519684, "CRL": 7777992400.0, "SCHW": 169342079603.78067, "CHTR": 27429660122.789764, "CVX": 410287365063.7645, "CMG": 44111194887.05444, "CB": 127335391971.17871, "CHD": 22728311681.20941, "CIEN": 57702942838.975586, "CI": 69850727278.67944, "CINF": 24992606138.564575, "CTAS": 72489788177.43123, "CSCO": 311425272249.88165, "C": 195293973097.06042, "CFG": 24901609215.556824, "CLX": 12915282193.490883, "CME": 110212129049.96411, "CMS": 22865128474.23014, "KO": 323284925218.5164, "CTSH": 29895121936.745934, "COIN": 54098709404.61243, "CL": 68251815807.26523, "CMCSA": 105709380453.08127, "FIX": 49671724995.75, "CAG": 7395592101.748347, "COP": 155469319727.10645, "ED": 39421736617.31166, "STZ": 26542352436.583115, "CEG": 104890323004.66187, "COO": 13704834898.710678, "CPRT": 32322109877.928894, "GLW": 112365464883.02994, "CPAY": 20519397527.873962, "CTVA": 52295467676.66626, "CSGP": 18186235897.139774, "COST": 428657997615.70557, "CTRA": 25663417187.72089, "CRH": 69873079503.38208, "CRWD": 104821238918.72498, "CCI": 35465609358.348816, "CSX": 72411139199.34735, "CMI": 75749215089.75, "CVS": 90695927846.014, "DHR": 134356477640.0, "DRI": 22794008277.094574, "DDOG": 45728205734.85402, "DVA": 10175086738.815308, "DECK": 14931557696.072067, "DE": 153699154589.75928, "DELL": 109072079824.69818, "DAL": 42538401218.16293, "DVN": 30076617966.383068, "DXCM": 25717673927.868164, "FANG": 54097108166.0853, "DLR": 61729990659.68738, "DG": 27539072085.159897, "DLTR": 21529833997.223053, "D": 52568956178.23591, "DPZ": 12335079009.091003, "DASH": 69499525936.89038, "DOV": 29116256789.841476, "DOW": 25935082861.751213, "DHI": 40410439997.236694, "DTE": 29600319371.25685, "DUK": 99028605228.52423, "DD": 18493570545.637756, "ETN": 139723012207.03125, "EBAY": 40612199310.302734, "ECL": 73961327450.87659, "EIX": 27201302852.386154, "EW": 47637214050.29297, "EA": 50333530517.63196, "ELV": 63836615727.76099, "EME": 33335347828.69171, "EMR": 73003681893.62589, "ETR": 45905988422.68167, "EOG": 75790148639.3302, "EPAM": 7497528318.114838, "EQT": 40721395115.64636, "EFX": 21988088179.666077, "EQIX": 95008587337.80176, "EQR": 22904813404.994404, "ERIE": 12857033245.041626, "ESS": 16771970410.499039, "EL": 28681337570.641, "EG": 13098525476.256165, "EVRG": 18286661587.576355, "ES": 25402346307.11236, "EXC": 48263167168.98045, "EXE": 25876468559.672546, "EXPE": 28997876947.556488, "EXPD": 18835300883.481262, "EXR": 29212925942.65335, "XOM": 671390615527.4147, "FFIV": 16461013617.25, "FDS": 7800934103.598633, "FICO": 25224455703.74341, "FAST": 51043203278.955124, "FRT": 9006911887.835999, "FDX": 83948233626.54843, "FIS": 25773432761.333267, "FITB": 41085414937.01383, "FSLR": 20380503783.9877, "FE": 28185786773.386677, "FISV": 31039431906.35189, "F": 46916229559.118416, "FTNT": 61551750906.162704, "FTV": 17592508324.18524, "FOXA": 24366686828.55768, "FOX": 24103668801.293793, "BEN": 12461236885.805243, "FCX": 78959854259.94394, "GRMN": 45947100221.59073, "IT": 11719022741.595612, "GE": 307520456626.24243, "GEHC": 32693189442.193504, "GEV": 239478294788.8208, "GEN": 12963372851.45023, "GNRC": 11845379282.12912, "GD": 93925289263.5675, "GIS": 19934626871.832657, "GM": 70636259077.62671, "GPC": 14059679894.826416, "GILD": 170496690769.30225, "GPN": 19889787613.26715, "GL": 10936245192.700195, "GDDY": 11369461932.042526, "GS": 249321579196.94873, "HAL": 31569412728.45768, "HIG": 37771464638.263245, "HAS": 13082368335.882797, "HCA": 110599064673.2605, "DOC": 11937556905.243874, "HSIC": 8765789021.43972, "HSY": 43633274544.59935, "HPE": 29659004064.559845, "HLT": 69886284482.29767, "HOLX": 16886244477.942123, "HD": 329414744310.3801, "HON": 141762034588.1391, "HRL": 12337371962.923353, "HST": 13334630460.834671, "HWM": 95006097297.66846, "HPQ": 17010253860.04995, "HUBB": 25999745079.507202, "HUM": 20518197751.774063, "HBAN": 31147559523.690052, "HII": 15562473067.582031, "IBM": 233138352138.71777, "IEX": 14117352358.25447, "IDXX": 46194794276.608154, "ITW": 75724550000.0, "INCY": 18000859651.355988, "IR": 32513634766.28437, "PODD": 15985489292.738647, "INTC": 219837798104.9187, "IBKR": 115340903250.83719, "ICE": 89614967160.42183, "IFF": 17447845666.010284, "IP": 18827933551.235607, "INTU": 127176815613.32968, "ISRG": 169785322598.57727, "IVZ": 10546125882.387737, "INVH": 15178389948.709278, "IQV": 28333113139.34326, "IRM": 30157441621.89392, "JBHT": 19308376085.646667, "JBL": 28442682372.79297, "JKHY": 11819186039.777481, "J": 15258191586.349243, "JNJ": 567338403100.4633, "JCI": 81570065888.64896, "JPM": 781896665713.0775, "KVUE": 33734485515.175266, "KDP": 36072582829.870056, "KEY": 21411571623.132492, "KEYS": 49561770752.95413, "KMB": 33009678783.00331, "KIM": 15372305519.75806, "KMI": 74998221605.9989, "KKR": 84128688173.16925, "KLAC": 198590328480.54565, "KHC": 25107225084.959312, "KR": 44637798126.2207, "LHX": 64623019636.583954, "LH": 21920419113.15918, "LRCX": 293044356233.5205, "LW": 5695335749.625492, "LVS": 36511262352.0, "LDOS": 20781578961.01735, "LEN": 23142677125.29602, "LII": 16728313803.025818, "LLY": 814959318260.8281, "LIN": 221525570619.13306, "LYV": 35649976247.19516, "LMT": 142598891785.0, "L": 21998910276.47505, "LOW": 131402878802.25, "LULU": 19283602149.648193, "LYB": 23025488720.9339, "MTB": 29898391111.97522, "MPC": 68535930207.65976, "MAR": 86522753660.87274, "MRSH": 85180594191.07288, "MLM": 34835636268.84827, "MAS": 12232714039.615707,